Business Name,Business Link
Tierklinik Stommeln,https://www.trustpilot.com/review/www.tierklinik-stommeln.de
TierPerso,https://www.trustpilot.com/review/www.tierperso.de
vetevo GmbH,https://www.trustpilot.com/review/vetevo.de
Exomed,https://www.trustpilot.com/review/exomed.de
felmo Mobile Tierarztpraxis,https://www.trustpilot.com/review/felmo.de
Dr. Franz Spitzer,https://www.trustpilot.com/review/franzspitzer.de
Pfotendoctor,https://www.trustpilot.com/review/pfotendoctor.de
Figo Pet Tierkrankenversicherung,https://www.trustpilot.com/review/figopet.de
Dog Center / Hundecoaching (App),https://www.trustpilot.com/review/dogcenter.app
Tierarzt Ffm,https://www.trustpilot.com/review/tierarzt-ffm.de
yourXpert,https://www.trustpilot.com/review/www.yourxpert.de
Meda&Meggy | Holistic Health Care & Nutrition for Pets,https://www.trustpilot.com/review/medameggy-ro.com
Petplan Tierkrankenversicherung Deutschland,https://www.trustpilot.com/review/www.petplan.de